studentId,class
1,1K
2,9X
3,11K
4,10R
5,11W
6,10B
7,11V
8,6E
9,11U
10,9V
11,1B
12,11Z
13,5M
14,4P
15,4S
16,3T
17,3B
18,1U
19,9T
20,6W
21,9Z
22,1R
23,2S
24,3L
25,6L
26,9M
27,12Y
28,6B
29,5G
30,5H
31,9V
32,10P
33,6L
34,8K
35,7A
36,5V
37,11Q
38,8Q
39,9N
40,4C
41,11B
42,7I
43,6O
44,2B
45,7I
46,4U
47,1X
48,7K
49,7X
50,8N
51,8Q
52,9C
53,10T
54,3E
55,1E
56,3F
57,5P
58,1S
59,3L
60,5F
61,4L
62,3Y
63,11V
64,6L
65,2D
66,10T
67,7O
68,6Z
69,11W
70,12F
71,5R
72,1B
73,11O
74,12S
75,8L
76,5B
77,11U
78,1A
79,3A
80,11S
81,6Z
82,5O
83,8D
84,4F
85,8F
86,12U
87,8V
88,12C
89,4A
90,1P
91,2D
92,4O
93,1L
94,9A
95,3V
96,2O
97,7G
98,1D
99,6E
100,12O
101,11N
102,7F
103,9Y
104,12L
105,11V
106,11I
107,7U
108,9B
109,2L
110,12Y
111,1W
112,4D
113,10T
114,5H
115,10H
116,12C
117,4L
118,9P
119,5R
120,12Q
121,2F
122,7J
123,7Y
124,2H
125,2O
126,12F
127,5N
128,8I
129,2G
130,9H
131,3E
132,4J
133,4N
134,10M
135,6W
136,5X
137,5W
138,6X
139,8F
140,2B
141,2B
142,7J
143,10X
144,5M
145,12D
146,9J
147,7Y
148,9C
149,5I
150,11O
151,11V
152,3F
153,3I
154,5H
155,8G
156,12D
157,2L
158,2T
159,9P
160,9I
161,3I
162,3L
163,6Q
164,9M
165,9C
166,8W
167,7T
168,7W
169,10H
170,2N
171,3X
172,10S
173,8R
174,1P
175,1M
176,6G
177,4U
178,2Z
179,8S
180,9J
181,2X
182,9W
183,1F
184,4O
185,12H
186,4E
187,2K
188,1U
189,8Q
190,4O
191,12E
192,11D
193,5T
194,2V
195,6S
196,7L
197,1N
198,6K
199,3Q
200,12R
201,12F
202,4N
203,5K
204,8H
205,1O
206,12A
207,3N
208,6D
209,1R
210,11Z
211,5L
212,9H
213,9U
214,3G
215,6B
216,2D
217,1C
218,9P
219,1V
220,10I
221,7O
222,7U
223,7T
224,3B
225,9Q
226,7M
227,2Y
228,3C
229,2E
230,10G
231,5C
232,7L
233,10P
234,11F
235,1S
236,8O
237,2Y
238,2B
239,3R
240,10R
241,3H
242,1G
243,3F
244,11D
245,7W
246,4X
247,2A
248,2Q
249,11H
250,6K
251,3E
252,6R
253,3Q
254,8P
255,5B
256,3H
257,12L
258,6O
259,6M
260,3E
261,8H
262,7F
263,1H
264,4G
265,8Q
266,4B
267,8C
268,9I
269,4A
270,9V
271,9J
272,10N
273,4Y
274,8J
275,4R
276,6C
277,8K
278,6B
279,11M
280,4R
281,11M
282,11M
283,9P
284,11I
285,10V
286,3J
287,5Y
288,5P
289,1E
290,10C
291,1I
292,5X
293,6R
294,3O
295,11I
296,10X
297,2B
298,7K
299,8U
300,1O
301,8E
302,12Q
303,6L
304,11D
305,12U
306,9Q
307,3D
308,2N
309,12G
310,2C
311,7H
312,9Q
313,2V
314,5L
315,10L
316,9S
317,1U
318,10Z
319,12E
320,11H
321,12Q
322,7Y
323,1G
324,9I
325,5Y
326,7Y
327,8Q
328,7R
329,3W
330,5P
331,10S
332,11D
333,11U
334,3S
335,4H
336,3T
337,8R
338,6K
339,12L
340,5K
341,12O
342,6S
343,6J
344,9K
345,1S
346,5L
347,3F
348,8H
349,2T
350,8V
351,2Q
352,4Y
353,1P
354,10A
355,2A
356,4T
357,11Y
358,6I
359,2O
360,1D
361,8D
362,7E
363,9X
364,12V
365,5E
366,10Q
367,9P
368,9X
369,9R
370,5Q
371,1K
372,7F
373,3S
374,12Y
375,5I
376,4F
377,8J
378,3L
379,4Q
380,7N
381,1P
382,4I
383,2B
384,9D
385,9B
386,9H
387,5W
388,10P
389,1R
390,11E
391,11T
392,1U
393,6S
394,7F
395,1B
396,10X
397,7B
398,1O
399,4I
400,10W
401,3X
402,11H
403,2T
404,11Y
405,10A
406,10I
407,11G
408,2E
409,7N
410,8S
411,11K
412,11G
413,2C
414,6J
415,9Q
416,8C
417,7F
418,1R
419,9U
420,11F
421,11V
422,12A
423,10T
424,8D
425,10Y
426,9O
427,6Y
428,8M
429,3Y
430,7A
431,6L
432,11I
433,4T
434,4R
435,2O
436,3S
437,10J
438,7H
439,1Y
440,3D
441,7F
442,10Z
443,8B
444,8M
445,10E
446,3S
447,10X
448,6N
449,5P
450,2M
451,6R
452,12P
453,11O
454,5X
455,11X
456,11A
457,7W
458,3K
459,11C
460,3O
461,8D
462,4P
463,1P
464,3I
465,9S
466,1M
467,3R
468,5W
469,7B
470,1D
471,12K
472,10F
473,1D
474,5D
475,11D
476,12R
477,6B
478,2C
479,3H
480,2L
481,5M
482,7R
483,7E
484,10J
485,4N
486,10B
487,2M
488,1W
489,7Y
490,6D
491,7R
492,8H
493,7J
494,12E
495,8R
496,7C
497,7K
498,6K
499,5A
500,9Z
501,3U
502,3B
503,12F
504,1W
505,11R
506,11P
507,6B
508,6S
509,3K
510,5D
511,10U
512,9R
513,11A
514,6J
515,2S
516,10M
517,12Z
518,4Z
519,12I
520,1Y
521,5S
522,12B
523,8P
524,3L
525,9C
526,8V
527,8E
528,10P
529,1G
530,7Z
531,2I
532,12O
533,3S
534,3A
535,8T
536,8B
537,1T
538,6T
539,7G
540,7V
541,12Z
542,4B
543,1U
544,12R
545,1N
546,6P
547,12S
548,2N
549,8Z
550,6P
551,10C
552,3Q
553,8D
554,10C
555,9W
556,6C
557,12Z
558,8U
559,5J
560,8G
561,6L
562,11J
563,10C
564,5Y
565,3F
566,1R
567,12Y
568,1T
569,4X
570,5Y
571,4B
572,10C
573,11F
574,6W
575,3I
576,12S
577,2L
578,2L
579,6P
580,6I
581,7C
582,8N
583,7F
584,5S
585,10T
586,11O
587,12V
588,12R
589,9C
590,5A
591,9G
592,6N
593,9C
594,3P
595,9A
596,3S
597,9O
598,7Q
599,7T
600,10X
601,6Z
602,2W
603,5M
604,11V
605,4T
606,1Y
607,9M
608,10I
609,4A
610,11O
611,2H
612,11M
613,3Q
614,8D
615,8B
616,12Y
617,11N
618,7E
619,2U
620,5Y
621,8N
622,5W
623,9R
624,2X
625,5J
626,4R
627,7U
628,6K
629,4V
630,10M
631,12I
632,4N
633,2A
634,8Z
635,3I
636,9X
637,5Q
638,6O
639,7M
640,7V
641,1U
642,9Q
643,4M
644,11S
645,7M
646,11O
647,11K
648,3E
649,5X
650,4H
651,5X
652,7M
653,12W
654,2Y
655,9D
656,11M
657,8E
658,5R
659,3D
660,2K
661,8T
662,2V
663,4H
664,2R
665,6R
666,9O
667,3J
668,9J
669,8T
670,10R
671,9U
672,6J
673,7H
674,7L
675,8F
676,4N
677,11D
678,6E
679,9X
680,2M
681,6U
682,6K
683,11E
684,10F
685,7L
686,9W
687,4C
688,1F
689,6G
690,10F
691,7T
692,1B
693,10Q
694,7J
695,12Q
696,4F
697,11Y
698,12M
699,8F
700,8T
701,12T
702,12U
703,5D
704,6L
705,8J
706,12U
707,5A
708,7B
709,5W
710,3T
711,11U
712,6G
713,6E
714,5G
715,1Y
716,7Q
717,2U
718,7G
719,1X
720,6O
721,11Y
722,9H
723,11Q
724,7E
725,8U
726,10Q
727,3K
728,7T
729,4H
730,3H
731,5U
732,6V
733,12Z
734,8N
735,12U
736,9V
737,5T
738,1N
739,5C
740,8L
741,9T
742,7D
743,7K
744,1I
745,8R
746,9Y
747,9Q
748,1U
749,12W
750,8Y
751,9K
752,8Y
753,6S
754,1X
755,8C
756,7R
757,11N
758,4P
759,11Y
760,3J
761,10T
762,9I
763,10C
764,9M
765,5C
766,1Y
767,9D
768,12W
769,8F
770,12T
771,6Q
772,10F
773,12L
774,2Y
775,6F
776,11T
777,4E
778,11I
779,3U
780,4L
781,9T
782,10U
783,4P
784,4G
785,9R
786,8Q
787,12Y
788,8O
789,12J
790,9X
791,9R
792,9W
793,3H
794,7C
795,6M
796,4W
797,8R
798,1N
799,5N
800,10E
801,10I
802,1B
803,4T
804,7E
805,1M
806,2U
807,8Z
808,1C
809,6N
810,8R
811,12V
812,3J
813,7B
814,2E
815,7P
816,6D
817,3W
818,11P
819,5E
820,1M
821,3Q
822,4E
823,5C
824,9O
825,7L
826,9B
827,1T
828,1P
829,4I
830,7S
831,5V
832,8H
833,9R
834,9I
835,12E
836,9O
837,6B
838,11J
839,2G
840,6Q
841,7I
842,8A
843,1Z
844,1D
845,3D
846,2L
847,6J
848,10M
849,10U
850,4J
851,12X
852,6N
853,8M
854,2E
855,5C
856,8P
857,9M
858,8S
859,8R
860,12R
861,9C
862,10G
863,6K
864,2I
865,2R
866,8K
867,9K
868,5V
869,11I
870,5K
871,6U
872,10E
873,5R
874,11D
875,12M
876,4N
877,7H
878,6U
879,8K
880,11B
881,3Y
882,11Q
883,2B
884,1T
885,3Y
886,6Z
887,6I
888,1M
889,11H
890,2A
891,8X
892,4T
893,9H
894,4P
895,5W
896,3C
897,1J
898,10R
899,8Q
900,10H
901,4O
902,9M
903,6K
904,11N
905,5K
906,4B
907,11W
908,3I
909,3R
910,12N
911,9V
912,6O
913,10V
914,5S
915,3F
916,1O
917,12M
918,11G
919,7I
920,4A
921,11Y
922,12M
923,3W
924,4X
925,4Q
926,2I
927,3D
928,6B
929,7Y
930,7J
931,9P
932,9F
933,10M
934,3M
935,8X
936,7C
937,2E
938,2G
939,6F
940,1A
941,5C
942,2X
943,7S
944,2H
945,2D
946,7H
947,4X
948,5G
949,7Q
950,7C
951,5W
952,6T
953,12H
954,6G
955,11X
956,4W
957,1T
958,7F
959,4G
960,9S
961,9N
962,5A
963,11Z
964,5G
965,12F
966,11Y
967,11E
968,2C
969,4R
970,2R
971,11O
972,7P
973,11X
974,11H
975,12F
976,3F
977,8Q
978,12R
979,10N
980,4C
981,5D
982,6X
983,1R
984,2E
985,10W
986,7Y
987,8H
988,7N
989,6F
990,12N
991,4D
992,2I
993,9F
994,12H
995,3Q
996,2X
997,5G
998,11I
999,3H
1000,8G
1001,12D
1002,3G
1003,11M
1004,12H
1005,5W
1006,1G
1007,4C
1008,1B
1009,11I
1010,2M
1011,5E
1012,3X
1013,8H
1014,9M
1015,11D
1016,7Z
1017,2E
1018,7Y
1019,8P
1020,9S
1021,6H
1022,9U
1023,8K
1024,5Q
1025,5F
1026,7V
1027,6O
1028,9B
1029,6Y
1030,1F
1031,4L
1032,6R
1033,1P
1034,11C
1035,10B
1036,10Z
1037,9H
1038,9L
1039,1E
1040,8L
1041,12I
1042,12M
1043,8J
1044,3U
1045,6L
1046,5D
1047,3U
1048,1M
1049,5Y
1050,1L
1051,3W
1052,6T
1053,6F
1054,12C
1055,4E
1056,11V
1057,6V
1058,12V
1059,2X
1060,9C
1061,11N
1062,1Z
1063,1G
1064,7S
1065,10P
1066,7B
1067,6B
1068,9I
1069,6T
1070,3C
1071,10S
1072,9J
1073,9N
1074,1V
1075,1J
1076,5B
1077,5N
1078,6R
1079,11R
1080,12L
1081,7H
1082,11R
1083,9S
1084,9S
1085,8B
1086,3Q
1087,2K
1088,8Y
1089,10B
1090,5W
1091,2Y
1092,1C
1093,3Y
1094,6D
1095,7V
1096,1H
1097,8L
1098,4M
1099,6R
1100,10X
1101,7L
1102,9L
1103,9V
1104,6B
1105,7E
1106,9G
1107,12P
1108,4V
1109,6M
1110,7J
1111,6C
1112,10Y
1113,11G
1114,9V
1115,6A
1116,11X
1117,7E
1118,3X
1119,12C
1120,11V
1121,2X
1122,10J
1123,7R
1124,6G
1125,3C
1126,12A
1127,11H
1128,6V
1129,10T
1130,8U
1131,10S
1132,3D
1133,4D
1134,12B
1135,11B
1136,5Q
1137,9B
1138,9E
1139,4B
1140,11I
1141,5O
1142,10Z
1143,11U
1144,3Y
1145,7S
1146,10K
1147,12E
1148,3F
1149,2N
1150,4I
1151,6T
1152,3M
1153,3D
1154,1S
1155,9Q
1156,12B
1157,5P
1158,12U
1159,1F
1160,1L
1161,11J
1162,4A
1163,4N
1164,6S
1165,4K
1166,11L
1167,9M
1168,5S
1169,4N
1170,11J
1171,4G
1172,12S
1173,8D
1174,8J
1175,11K
1176,12K
1177,10X
1178,12G
1179,7X
1180,6F
1181,8W
1182,2R
1183,6K
1184,11I
1185,12Z
1186,3A
1187,8P
1188,6Q
1189,12Y
1190,6W
1191,12K
1192,1P
1193,11B
1194,3F
1195,5N
1196,12G
1197,11Q
1198,7E
1199,3N
1200,1T
1201,10L
1202,7H
1203,7K
1204,1F
1205,12W
1206,9Q
1207,1F
1208,6W
1209,2G
1210,3G
1211,4D
1212,3P
1213,3S
1214,4E
1215,7F
1216,9P
1217,5O
1218,11V
1219,2A
1220,5W
1221,7Y
1222,7N
1223,3N
1224,7B
1225,5L
1226,2J
1227,10V
1228,9H
1229,4K
1230,6E
1231,4H
1232,9M
1233,1J
1234,2I
1235,7P
1236,9H
1237,11O
1238,3R
1239,6T
1240,12U
1241,7Z
1242,1I
1243,8X
1244,1B
1245,1J
1246,7C
1247,9J
1248,10P
1249,10C
1250,5R
1251,3E
1252,3J
1253,1Y
1254,3U
1255,5L
1256,11C
1257,11K
1258,11Y
1259,9Z
1260,1P
1261,12O
1262,4P
1263,11Y
1264,3Q
1265,7T
1266,2J
1267,9W
1268,10A
1269,9D
1270,5E
1271,4U
1272,7Q
1273,7U
1274,8E
1275,12A
1276,8A
1277,5M
1278,2N
1279,8X
1280,7G
1281,6H
1282,6A
1283,1D
1284,2C
1285,11S
1286,1A
1287,1A
1288,1M
1289,7M
1290,4M
1291,9Q
1292,3E
1293,10M
1294,9C
1295,12A
1296,1G
1297,11P
1298,6B
1299,5Q
1300,8Z
1301,8S
1302,3D
1303,4J
1304,4U
1305,8O
1306,10X
1307,8L
1308,7Y
1309,12S
1310,4G
1311,12T
1312,4Y
1313,10F
1314,5S
1315,8H
1316,9O
1317,9Z
1318,1M
1319,11Y
1320,4P
1321,3E
1322,7O
1323,9P
1324,8I
1325,7E
1326,11S
1327,5A
1328,10O
1329,2Z
1330,1L
1331,8O
1332,7R
1333,4G
1334,10A
1335,10X
1336,11Z
1337,11Y
1338,5P
1339,11O
1340,9W
1341,3D
1342,10F
1343,9P
1344,12W
1345,4L
1346,10X
1347,5N
1348,7X
1349,9J
1350,12J
1351,1N
1352,7Q
1353,5U
1354,1N
1355,4O
1356,6O
1357,4S
1358,7L
1359,5L
1360,6J
1361,7E
1362,4B
1363,4X
1364,10I
1365,1O
1366,4S
1367,4D
1368,8A
1369,3O
1370,1V
1371,8Z
1372,9K
1373,5I
1374,8D
1375,6P
1376,7R
1377,8G
1378,10G
1379,2N
1380,6I
1381,6W
1382,9F
1383,4V
1384,9B
1385,11I
1386,12U
1387,2N
1388,5N
1389,7J
1390,1S
1391,12S
1392,7Y
1393,10D
1394,11A
1395,6Z
1396,5A
1397,3B
1398,9C
1399,9K
1400,6X
1401,10W
1402,11I
1403,4W
1404,3T
1405,7K
1406,10O
1407,10K
1408,10K
1409,11J
1410,1I
1411,2P
1412,7I
1413,7W
1414,8A
1415,10G
1416,2V
1417,6W
1418,12D
1419,10E
1420,5E
1421,5J
1422,10Z
1423,11W
1424,3N
1425,8X
1426,8M
1427,8I
1428,3B
1429,12O
1430,9J
1431,10P
1432,8N
1433,4O
1434,12Q
1435,10I
1436,9Y
1437,8H
1438,1M
1439,9F
1440,8S
1441,5T
1442,10Y
1443,6G
1444,7B
1445,4L
1446,11C
1447,2M
1448,6L
1449,7U
1450,2Q
1451,4C
1452,2U
1453,3N
1454,9N
1455,4O
1456,12D
1457,3J
1458,3I
1459,1Z
1460,11P
1461,9A
1462,7C
1463,12W
1464,6K
1465,6Y
1466,11A
1467,9B
1468,11T
1469,10E
1470,8E
1471,7F
1472,8D
1473,1T
1474,8S
1475,4Z
1476,6L
1477,1U
1478,9V
1479,1L
1480,10P
1481,11D
1482,12T
1483,6G
1484,9J
1485,10V
1486,2D
1487,6Q
1488,4P
1489,3P
1490,5H
1491,6Q
1492,10H
1493,5G
1494,5K
1495,2V
1496,3U
1497,2F
1498,2Q
1499,11R
1500,3E
1501,6Q
1502,3G
1503,5I
1504,1V
1505,3G
1506,10I
1507,1R
1508,7A
1509,10G
1510,9Q
1511,11H
1512,8J
1513,5D
1514,10T
1515,7T
1516,6V
1517,12G
1518,9X
1519,11R
1520,7U
1521,7P
1522,3I
1523,8B
1524,7K
1525,9V
1526,1O
1527,10D
1528,8L
1529,11K
1530,7S
1531,4K
1532,1C
1533,2G
1534,8Z
1535,2Y
1536,8P
1537,1Z
1538,11W
1539,6Z
1540,8N
1541,8U
1542,9U
1543,2R
1544,2Z
1545,6U
1546,12S
1547,1M
1548,9J
1549,5S
1550,9U
1551,6X
1552,1Y
1553,8O
1554,7W
1555,9L
1556,5W
1557,6K
1558,5T
1559,12W
1560,10B
1561,9H
1562,2O
1563,2M
1564,8N
1565,8Y
1566,7R
1567,1K
1568,10E
1569,9O
1570,7B
1571,10Y
1572,3D
1573,1J
1574,1C
1575,2M
1576,11H
1577,7M
1578,11V
1579,11M
1580,1F
1581,1N
1582,1Z
1583,8X
1584,11U
1585,1N
1586,9Y
1587,2C
1588,11G
1589,9Q
1590,11M
1591,12A
1592,7W
1593,7R
1594,6O
1595,12G
1596,12A
1597,8U
1598,3M
1599,9S
1600,5A
1601,11V
1602,2L
1603,12G
1604,3W
1605,5Q
1606,3U
1607,12U
1608,7T
1609,11B
1610,12E
1611,2L
1612,2F
1613,7P
1614,9B
1615,12Q
1616,4U
1617,2R
1618,6N
1619,2R
1620,3E
1621,3R
1622,4T
1623,2P
1624,7S
1625,3X
1626,6X
1627,9X
1628,11O
1629,6X
1630,10R
1631,12D
1632,2V
1633,12I
1634,9L
1635,7L
1636,3O
1637,7G
1638,12X
1639,7E
1640,4X
1641,11B
1642,6O
1643,5H
1644,3Y
1645,9Z
1646,7K
1647,2U
1648,8F
1649,4S
1650,5H
1651,10B
1652,5N
1653,11Y
1654,8P
1655,9P
1656,6Q
1657,12G
1658,7T
1659,8O
1660,6L
1661,6T
1662,7L
1663,8E
1664,3K
1665,5Y
1666,2H
1667,12L
1668,2O
1669,12U
1670,11Y
1671,11B
1672,11V
1673,2O
1674,3X
1675,10X
1676,4I
1677,1R
1678,9B
1679,9E
1680,6S
1681,9R
1682,10Y
1683,9S
1684,9U
1685,1C
1686,7M
1687,7L
1688,8Y
1689,8Y
1690,1J
1691,3Q
1692,9P
1693,7V
1694,2X
1695,9Z
1696,3Q
1697,12B
1698,1Q
1699,5Y
1700,11K
1701,1D
1702,10L
1703,3I
1704,10Z
1705,11C
1706,3M
1707,12S
1708,4V
1709,3U
1710,5A
1711,6U
1712,3L
1713,5X
1714,6Y
1715,8P
1716,12N
1717,4V
1718,12P
1719,11E
1720,4H
1721,12E
1722,6W
1723,7O
1724,12V
1725,8Z
1726,5A
1727,6B
1728,3S
1729,7G
1730,7J
1731,6X
1732,9C
1733,4X
1734,11A
1735,2L
1736,8C
1737,6D
1738,7U
1739,6D
1740,7J
1741,10U
1742,8Y
1743,11R
1744,6X
1745,4L
1746,12G
1747,7J
1748,12E
1749,12Q
1750,11U
1751,5R
1752,6Q
1753,7G
1754,7F
1755,10W
1756,12B
1757,9H
1758,10Y
1759,3F
1760,3S
1761,1L
1762,2Z
1763,2K
1764,2D
1765,4O
1766,8G
1767,8V
1768,12Q
1769,12Q
1770,12E
1771,11O
1772,7V
1773,8B
1774,5E
1775,5F
1776,7T
1777,1K
1778,9L
1779,3U
1780,1W
1781,9O
1782,1V
1783,4W
1784,6W
1785,11U
1786,8P
1787,9R
1788,3G
1789,12H
1790,1W
1791,2T
1792,6U
1793,7R
1794,7P
1795,2Z
1796,7V
1797,8Z
1798,5R
1799,10K
1800,9L
1801,1W
1802,1N
1803,8N
1804,10V
1805,6K
1806,9W
1807,11S
1808,12A
1809,10H
1810,12F
1811,12P
1812,11A
1813,1X
1814,11M
1815,7K
1816,2V
1817,10B
1818,5Y
1819,4L
1820,7U
1821,6U
1822,2S
1823,12N
1824,9Q
1825,11V
1826,2W
1827,5E
1828,12G
1829,6C
1830,6N
1831,11Q
1832,5B
1833,10R
1834,3Y
1835,9S
1836,8W
1837,8S
1838,3J
1839,6B
1840,9I
1841,10D
1842,3C
1843,12J
1844,9U
1845,8F
1846,10O
1847,4A
1848,10W
1849,9U
1850,9M
1851,2W
1852,1Z
1853,5W
1854,5X
1855,2Q
1856,1F
1857,8S
1858,11F
1859,11P
1860,12E
1861,12O
1862,11Y
1863,5C
1864,5E
1865,10S
1866,2H
1867,7Q
1868,6N
1869,6W
1870,10T
1871,9S
1872,9J
1873,4K
1874,11F
1875,10I
1876,1M
1877,9B
1878,7C
1879,8U
1880,3I
1881,12Y
1882,11B
1883,3M
1884,3Z
1885,8O
1886,9O
1887,1C
1888,3G
1889,9E
1890,6K
1891,5X
1892,12G
1893,4N
1894,6D
1895,7W
1896,1A
1897,3W
1898,12I
1899,12G
1900,11Z
1901,8Q
1902,1R
1903,11O
1904,8H
1905,10K
1906,3L
1907,1K
1908,10J
1909,11E
1910,5H
1911,8U
1912,3N
1913,3I
1914,2O
1915,8I
1916,7B
1917,5H
1918,5Y
1919,1F
1920,11O
1921,12D
1922,8Q
1923,11J
1924,1O
1925,5Z
1926,9E
1927,7Q
1928,5J
1929,3F
1930,11H
1931,11E
1932,12B
1933,8Q
1934,9O
1935,9L
1936,12L
1937,4E
1938,5V
1939,7I
1940,3Q
1941,4E
1942,1E
1943,5Q
1944,3L
1945,4Z
1946,3F
1947,12W
1948,7N
1949,6N
1950,11T
1951,8D
1952,8U
1953,7E
1954,9V
1955,6H
1956,10J
1957,11B
1958,2O
1959,8Q
1960,12Q
1961,3S
1962,5F
1963,5E
1964,2M
1965,12I
1966,11V
1967,5H
1968,1N
1969,11H
1970,8J
1971,12C
1972,3C
1973,8Z
1974,3U
1975,9Z
1976,11T
1977,3E
1978,12J
1979,8M
1980,8N
1981,1N
1982,3H
1983,5W
1984,12R
1985,9Y
1986,6L
1987,11U
1988,11U
1989,4Y
1990,12S
1991,11P
1992,6K
1993,5Q
1994,4C
1995,7C
1996,2S
1997,6V
1998,9Q
1999,6K
2000,10E